date,weekday,is_expiry,expiry,atm_strike,ce_close,pe_close,straddle_close,spot_close,vwap_320,spot_320,signal
2024-01-03,Wed,NO,2024-01-04,21500,59.0,50.7,109.7,21517.35,,21508.45,
2024-01-04,Thu,YES,2024-01-04,21650,8.65,0.05,8.7,21658.6,,21657.0,
2024-01-05,Fri,NO,2024-01-11,21700,115.65,94.4,210.05,21705.35,,21699.65,
2024-01-08,Mon,NO,2024-01-09,21600,23.45,133.4,156.85,21692.0,,21500.55,
2024-01-09,Tue,NO,2024-01-11,21550,84.75,73.4,158.15,21552.3,,21524.15,
2024-01-10,Wed,NO,2024-01-11,21700,35.0,67.15,102.15,21623.8,,21618.0,
2024-01-11,Thu,YES,2024-01-11,21650,0.05,3.4,3.45,21647.2,,21648.65,
2024-01-12,Fri,NO,2024-01-18,22000,101.65,147.15,248.8,21908.0,,21902.4,
2024-01-15,Mon,NO,2024-01-18,22150,95.0,117.3,212.3,22110.45,,22096.55,
2024-01-16,Tue,NO,2024-01-18,22050,74.55,98.25,172.8,22031.5,,22019.1,
2024-01-17,Wed,NO,2024-01-18,21600,66.2,94.9,161.1,21571.95,,21556.9,
2024-01-18,Thu,YES,2024-01-18,21450,12.2,0.05,12.25,21479.15,,21463.2,
2024-01-19,Fri,NO,2024-01-25,21650,161.0,133.1,294.1,21638.65,,21621.55,
2024-01-20,Sat,NO,2024-01-25,21650,118.65,141.2,259.85,21585.7,,21574.9,
2024-01-23,Tue,NO,2024-01-25,21200,113.05,111.15,224.2,21241.65,,21250.2,
2024-01-24,Wed,NO,2024-01-25,21500,71.0,78.0,149.0,21465.9,,21472.0,
2024-01-25,Thu,YES,2024-01-25,21350,2.1,0.05,2.15,21378.2,,21354.9,
2024-01-29,Mon,NO,2024-02-01,21850,141.1,188.4,329.5,21740.05,,21749.6,
2024-01-30,Tue,NO,2024-02-01,21550,140.0,145.0,285.0,21528.8,,21522.95,
2024-01-31,Wed,NO,2024-02-01,21650,162.0,100.15,262.15,21708.1,,21724.05,
2024-02-01,Thu,YES,2024-02-01,21700,0.05,2.45,2.5,21689.65,,21693.9,
2024-02-02,Fri,NO,2024-02-08,21900,143.0,158.05,301.05,21853.8,,21843.7,
2024-02-05,Mon,NO,2024-02-08,21750,133.0,153.0,286.0,21759.1,,21755.1,
2024-02-06,Tue,NO,2024-02-08,22000,93.0,139.0,232.0,21939.15,,21926.3,
2024-02-07,Wed,NO,2024-02-08,22000,61.3,87.0,148.3,21948.75,,21924.45,
2024-02-08,Thu,YES,2024-02-08,21700,18.0,0.05,18.05,21760.0,,21720.8,
2024-02-09,Fri,NO,2024-02-15,21800,145.7,148.0,293.7,21785.9,,21775.4,
2024-02-12,Mon,NO,2024-02-15,21650,129.05,150.15,279.2,21612.45,,21594.7,
2024-02-13,Tue,NO,2024-02-15,21750,104.15,112.25,216.4,21729.2,,21739.85,
2024-02-14,Wed,NO,2024-02-15,21900,63.45,79.0,142.45,21850.05,,21834.85,
2024-02-15,Thu,YES,2024-02-15,21900,10.7,0.05,10.75,21927.35,,21915.9,
2024-02-16,Fri,NO,2024-02-22,22100,125.0,179.8,304.8,22032.6,,22019.95,
2024-02-19,Mon,NO,2024-02-22,22150,111.0,149.0,260.0,22116.25,,22123.45,
2024-02-20,Tue,NO,2024-02-22,22200,110.1,105.45,215.55,22209.2,,22204.6,
2024-02-21,Wed,NO,2024-02-22,22000,66.1,81.05,147.15,22029.25,,22061.25,
2024-02-22,Thu,YES,2024-02-22,22200,17.65,0.05,17.7,22217.65,,22243.2,
2024-02-23,Fri,NO,2024-02-29,22200,151.15,133.2,284.35,22193.65,,22201.2,
2024-02-26,Mon,NO,2024-02-29,22150,127.05,140.05,267.1,22115.05,,22111.3,
2024-02-27,Tue,NO,2024-02-29,22200,101.75,107.7,209.45,22193.8,,22178.95,
2024-02-28,Wed,NO,2024-02-29,21900,82.0,84.65,166.65,21927.25,,21924.6,
2024-02-29,Thu,YES,2024-02-29,22000,0.1,17.35,17.45,21982.8,,22034.05,
2024-03-01,Fri,NO,2024-03-07,22400,133.1,168.9,302.0,22327.3,,22334.4,
2024-03-04,Mon,NO,2024-03-07,22400,119.55,125.3,244.85,22400.25,,22390.65,
2024-03-05,Tue,NO,2024-03-07,22350,90.3,92.45,182.75,22356.85,,22342.6,
2024-03-06,Wed,NO,2024-03-07,22500,67.9,57.55,125.45,22482.85,,22476.1,
2024-03-07,Thu,YES,2024-03-07,22500,0.05,6.35,6.4,22484.6,,22469.25,
2024-03-11,Mon,NO,2024-03-14,22350,113.55,117.0,230.55,22318.4,,22319.95,
2024-03-12,Tue,NO,2024-03-14,22400,86.0,110.2,196.2,22330.15,,22330.6,
2024-03-13,Wed,NO,2024-03-14,21900,103.15,52.0,155.15,21981.75,,21972.6,
2024-03-14,Thu,YES,2024-03-14,22150,0.05,3.25,3.3,22151.0,,22151.05,
2024-03-15,Fri,NO,2024-03-21,22000,166.45,110.0,276.45,21996.55,,22035.8,
2024-03-18,Mon,NO,2024-03-21,22050,126.15,108.6,234.75,22051.15,,22039.2,
2024-03-19,Tue,NO,2024-03-21,21800,114.65,91.5,206.15,21813.5,,21808.15,
2024-03-20,Wed,NO,2024-03-21,21850,77.65,69.5,147.15,21853.6,,21846.5,
2024-03-21,Thu,YES,2024-03-21,22000,12.05,0.05,12.1,22014.8,,22016.7,
2024-03-22,Fri,NO,2024-03-28,22200,87.0,131.75,218.75,22084.3,,22084.85,
2024-03-26,Tue,NO,2024-03-28,22100,88.25,93.0,181.25,22020.85,,21999.9,
2024-03-27,Wed,NO,2024-03-28,22200,48.3,57.1,105.4,22147.95,,22139.8,
2024-03-28,Thu,YES,2024-03-28,22350,0.15,23.1,23.25,22343.5,,22285.75,
2024-04-01,Mon,NO,2024-04-04,22500,101.55,109.0,210.55,22475.55,,22459.8,
2024-04-02,Tue,NO,2024-04-04,22450,88.05,82.15,170.2,22464.3,,22459.85,
2024-04-03,Wed,NO,2024-04-04,22450,52.85,67.75,120.6,22446.4,,22425.95,
2024-04-04,Thu,YES,2024-04-04,22500,14.6,0.05,14.65,22543.6,,22526.55,
2024-04-05,Fri,NO,2024-04-10,22550,110.05,115.1,225.15,22525.5,,22511.85,
2024-04-08,Mon,NO,2024-04-10,22700,77.5,96.15,173.65,22660.95,,22669.85,
2024-04-09,Tue,NO,2024-04-10,22700,40.0,78.0,118.0,22641.75,,22646.2,
2024-04-10,Wed,YES,2024-04-10,22750,3.7,0.05,3.75,22735.05,,22748.75,
2024-04-12,Fri,NO,2024-04-18,22600,103.35,135.0,238.35,22515.7,,22517.15,
2024-04-15,Mon,NO,2024-04-18,22350,87.5,119.0,206.5,22277.85,,22271.3,
2024-04-16,Tue,NO,2024-04-18,22200,60.9,85.05,145.95,22176.75,,22156.9,
2024-04-18,Thu,YES,2024-04-18,22000,0.05,4.3,4.35,22044.2,,22001.35,
2024-04-19,Fri,NO,2024-04-25,22150,132.0,158.85,290.85,22149.8,,22147.7,
2024-04-22,Mon,NO,2024-04-25,22450,84.0,135.95,219.95,22370.5,,22342.35,
2024-04-23,Tue,NO,2024-04-25,22350,90.5,84.7,175.2,22361.65,,22359.25,
2024-04-24,Wed,NO,2024-04-25,22450,41.75,67.65,109.4,22413.05,,22408.65,
2024-04-25,Thu,YES,2024-04-25,22550,22.0,0.15,22.15,22558.5,,22550.6,
2024-04-26,Fri,NO,2024-05-02,22500,128.75,122.7,251.45,22452.5,,22436.0,
2024-04-29,Mon,NO,2024-05-02,22700,80.0,106.0,186.0,22635.05,,22642.55,
2024-04-30,Tue,NO,2024-05-02,22700,47.4,102.0,149.4,22588.3,,22584.25,
2024-05-02,Thu,YES,2024-05-02,22650,0.05,1.7,1.75,22657.15,,22641.9,
2024-05-03,Fri,NO,2024-05-09,22500,137.0,141.7,278.7,22456.65,,22483.15,
2024-05-06,Mon,NO,2024-05-09,22450,137.45,108.0,245.45,22459.65,,22436.6,
2024-05-07,Tue,NO,2024-05-09,22300,110.0,104.45,214.45,22301.45,,22302.5,
2024-05-08,Wed,NO,2024-05-09,22300,75.95,65.2,141.15,22306.95,,22298.9,
2024-05-09,Thu,YES,2024-05-09,21950,7.6,0.05,7.65,21967.1,,21941.15,
2024-05-10,Fri,NO,2024-05-16,22100,128.2,162.75,290.95,22054.6,,22059.4,
2024-05-13,Mon,NO,2024-05-16,22150,111.05,117.8,228.85,22120.05,,22117.55,
2024-05-14,Tue,NO,2024-05-16,22250,85.3,102.0,187.3,22222.6,,22219.65,
2024-05-15,Wed,NO,2024-05-16,22200,69.1,66.35,135.45,22210.2,,22193.9,
2024-05-16,Thu,YES,2024-05-16,22400,3.75,0.05,3.8,22394.65,,22413.95,
2024-05-17,Fri,NO,2024-05-23,22500,112.9,137.0,249.9,22464.8,,22470.4,
2024-05-18,Sat,NO,2024-05-23,22550,102.25,138.0,240.25,22510.7,,22506.8,
2024-05-21,Tue,NO,2024-05-23,22550,86.05,112.9,198.95,22509.0,,22523.75,
2024-05-22,Wed,NO,2024-05-23,22650,54.3,82.05,136.35,22622.25,,22609.95,
2024-05-23,Thu,YES,2024-05-23,22950,17.6,0.05,17.65,22952.45,,22985.5,
2024-05-24,Fri,NO,2024-05-30,23050,130.0,162.9,292.9,22950.9,,22955.0,
2024-05-27,Mon,NO,2024-05-30,23000,127.6,126.1,253.7,22932.55,,22958.0,
2024-05-28,Tue,NO,2024-05-30,22950,98.7,123.0,221.7,22868.35,,22881.3,
2024-05-29,Wed,NO,2024-05-30,22750,72.0,94.3,166.3,22703.95,,22698.25,
2024-05-30,Thu,YES,2024-05-30,22500,0.05,11.4,11.45,22556.7,,22505.4,
2024-05-31,Fri,NO,2024-06-06,22600,423.05,418.0,841.05,22550.4,,22566.95,
2024-06-03,Mon,NO,2024-06-06,23200,408.85,277.5,686.35,23307.25,,23278.1,
2024-06-04,Tue,NO,2024-06-06,21900,246.05,286.6,532.65,21995.85,,21884.75,
2024-06-05,Wed,NO,2024-06-06,22450,181.0,118.25,299.25,22573.45,,22589.1,
2024-06-06,Thu,YES,2024-06-06,22800,21.3,0.05,21.35,22851.75,,22824.4,
2024-06-07,Fri,NO,2024-06-13,23350,184.0,220.0,404.0,23267.75,,23290.35,
2024-06-10,Mon,NO,2024-06-13,23200,174.95,162.4,337.35,23234.25,,23236.25,
2024-06-11,Tue,NO,2024-06-13,23300,100.0,122.3,222.3,23261.8,,23242.4,
2024-06-12,Wed,NO,2024-06-13,23350,76.05,93.5,169.55,23308.4,,23314.75,
2024-06-13,Thu,YES,2024-06-13,23400,0.05,1.05,1.1,23399.95,,23404.45,
2024-06-14,Fri,NO,2024-06-20,23500,88.0,129.65,217.65,23453.9,,23448.6,
2024-06-18,Tue,NO,2024-06-20,23600,67.3,103.7,171.0,23560.7,,23562.1,
2024-06-19,Wed,NO,2024-06-20,23500,72.0,69.6,141.6,23521.6,,23518.2,
2024-06-20,Thu,YES,2024-06-20,23550,17.0,0.05,17.05,23578.85,,23568.8,
2024-06-21,Fri,NO,2024-06-27,23500,109.95,145.0,254.95,23455.85,,23473.95,
2024-06-24,Mon,NO,2024-06-27,23600,94.0,135.0,229.0,23545.2,,23536.35,
2024-06-25,Tue,NO,2024-06-27,23750,88.45,101.05,189.5,23722.7,,23732.9,
2024-06-26,Wed,NO,2024-06-27,23850,78.0,70.5,148.5,23841.9,,23881.1,
2024-06-27,Thu,YES,2024-06-27,24050,0.05,5.45,5.5,24036.85,,24086.35,
2024-06-28,Fri,NO,2024-07-04,24100,125.15,159.25,284.4,24009.3,,23993.9,
2024-07-01,Mon,NO,2024-07-04,24150,123.15,120.0,243.15,24123.35,,24136.1,
2024-07-02,Tue,NO,2024-07-04,24200,76.7,130.0,206.7,24116.6,,24125.8,
2024-07-03,Wed,NO,2024-07-04,24300,71.55,78.2,149.75,24292.45,,24295.25,
2024-07-04,Thu,YES,2024-07-04,24300,2.1,0.05,2.15,24304.05,,24301.4,
2024-07-05,Fri,NO,2024-07-11,24400,93.3,144.55,237.85,24314.15,,24346.65,
2024-07-08,Mon,NO,2024-07-11,24350,96.75,112.1,208.85,24332.35,,24307.3,
2024-07-09,Tue,NO,2024-07-11,24450,78.1,84.6,162.7,24417.55,,24432.5,
2024-07-10,Wed,NO,2024-07-11,24300,67.0,61.0,128.0,24313.1,,24323.25,
2024-07-11,Thu,YES,2024-07-11,24300,15.9,0.05,15.95,24337.15,,24321.35,
2024-07-12,Fri,NO,2024-07-18,24550,103.05,129.15,232.2,24511.6,,24504.95,
2024-07-15,Mon,NO,2024-07-18,24650,76.1,115.0,191.1,24583.9,,24582.1,
2024-07-16,Tue,NO,2024-07-18,24650,51.35,73.9,125.25,24602.7,,24597.4,
2024-07-18,Thu,YES,2024-07-18,24800,1.1,0.05,1.15,24779.95,,24804.65,
2024-07-19,Fri,NO,2024-07-25,24550,223.0,240.1,463.1,24525.6,,24520.25,
2024-07-22,Mon,NO,2024-07-25,24550,193.5,228.2,421.7,24515.65,,24505.9,
2024-07-23,Tue,NO,2024-07-25,24450,114.5,113.0,227.5,24476.55,,24465.7,
2024-07-24,Wed,NO,2024-07-25,24450,61.0,90.0,151.0,24438.95,,24430.6,
2024-07-25,Thu,YES,2024-07-25,24400,6.0,0.05,6.05,24416.0,,24399.5,
2024-07-26,Fri,NO,2024-08-01,24900,122.0,146.8,268.8,24849.9,,24837.25,
2024-07-29,Mon,NO,2024-08-01,24900,95.25,127.0,222.25,24842.45,,24827.95,
2024-07-30,Tue,NO,2024-08-01,24900,84.8,102.6,187.4,24837.95,,24842.85,
2024-07-31,Wed,NO,2024-08-01,25000,73.0,91.8,164.8,24978.95,,24945.1,
2024-08-01,Thu,YES,2024-08-01,25000,10.85,0.05,10.9,25004.0,,25026.35,
2024-08-02,Fri,NO,2024-08-08,24750,115.0,200.0,315.0,24699.5,,24731.05,
2024-08-05,Mon,NO,2024-08-08,24150,162.6,245.05,407.65,24049.95,,24048.85,
2024-08-06,Tue,NO,2024-08-08,24100,114.4,167.4,281.8,24034.15,,23994.4,
2024-08-07,Wed,NO,2024-08-08,24350,81.7,95.55,177.25,24315.25,,24314.8,
2024-08-08,Thu,YES,2024-08-08,24100,16.8,0.05,16.85,24100.5,,24085.7,
2024-08-09,Fri,NO,2024-08-14,24450,106.5,178.65,285.15,24364.65,,24362.5,
2024-08-12,Mon,NO,2024-08-14,24350,111.05,118.2,229.25,24345.85,,24357.1,
2024-08-13,Tue,NO,2024-08-14,24150,85.95,83.75,169.7,24140.7,,24131.85,
2024-08-14,Wed,YES,2024-08-14,24150,0.05,6.25,6.3,24143.2,,24150.55,
2024-08-16,Fri,NO,2024-08-22,24600,116.75,137.0,253.75,24540.55,,24545.9,
2024-08-19,Mon,NO,2024-08-22,24600,90.85,124.35,215.2,24579.55,,24583.65,
2024-08-20,Tue,NO,2024-08-22,24700,77.1,90.3,167.4,24673.45,,24700.8,
2024-08-21,Wed,NO,2024-08-22,24750,69.5,49.6,119.1,24783.2,,24777.6,
2024-08-22,Thu,YES,2024-08-22,24800,11.4,0.05,11.45,24810.2,,24812.45,
2024-08-23,Fri,NO,2024-08-29,24900,109.4,149.0,258.4,24833.75,,24824.45,
2024-08-26,Mon,NO,2024-08-29,25050,97.0,101.05,198.05,25010.6,,25010.15,
2024-08-27,Tue,NO,2024-08-29,25000,80.7,74.4,155.1,24996.2,,25013.55,
2024-08-28,Wed,NO,2024-08-29,25050,59.8,56.3,116.1,25045.25,,25041.5,
2024-08-29,Thu,YES,2024-08-29,25150,2.5,0.1,2.6,25158.45,,25136.4,
2024-08-30,Fri,NO,2024-09-05,25350,97.75,128.95,226.7,25246.8,,25243.55,
2024-09-02,Mon,NO,2024-09-05,25300,83.95,123.0,206.95,25273.3,,25282.4,
2024-09-03,Tue,NO,2024-09-05,25300,69.0,97.5,166.5,25268.9,,25273.0,
2024-09-04,Wed,NO,2024-09-05,25200,54.9,74.05,128.95,25206.25,,25204.1,
2024-09-05,Thu,YES,2024-09-05,25150,0.05,4.8,4.85,25144.25,,25154.0,
2024-09-06,Fri,NO,2024-09-12,24900,139.0,175.0,314.0,24869.35,,24861.85,
2024-09-09,Mon,NO,2024-09-12,24950,106.9,114.0,220.9,24940.45,,24936.55,
2024-09-10,Tue,NO,2024-09-12,25050,75.75,82.5,158.25,25050.9,,25047.75,
2024-09-11,Wed,NO,2024-09-12,24900,68.2,69.85,138.05,24950.75,,24921.45,
2024-09-12,Thu,YES,2024-09-12,25400,0.05,11.1,11.15,25313.85,,25364.1,
2024-09-13,Fri,NO,2024-09-19,25350,116.3,132.7,249.0,25344.0,,25357.6,
2024-09-16,Mon,NO,2024-09-19,25450,83.45,128.3,211.75,25377.8,,25383.1,
2024-09-17,Tue,NO,2024-09-19,25450,79.4,115.1,194.5,25406.9,,25417.3,
2024-09-18,Wed,NO,2024-09-19,25400,87.0,132.0,219.0,25344.7,,25364.15,
2024-09-19,Thu,YES,2024-09-19,25400,15.75,0.05,15.8,25445.65,,25413.95,
2024-09-20,Fri,NO,2024-09-26,25850,101.8,163.1,264.9,25818.7,,25804.5,
2024-09-23,Mon,NO,2024-09-26,25950,98.5,137.0,235.5,25928.75,,25934.15,
2024-09-24,Tue,NO,2024-09-26,25950,95.0,95.2,190.2,25950.85,,25951.55,
2024-09-25,Wed,NO,2024-09-26,26000,64.15,58.85,123.0,26013.15,,26027.65,
2024-09-26,Thu,YES,2024-09-26,26200,16.1,0.05,16.15,26186.0,,26210.05,
2024-09-27,Fri,NO,2024-10-03,26250,115.3,134.05,249.35,26175.15,,26175.15,
2024-09-30,Mon,NO,2024-10-03,25850,115.25,119.85,235.1,25822.25,,25811.25,
2024-10-01,Tue,NO,2024-10-03,25800,82.0,61.75,143.75,25809.35,,25794.1,
2024-10-03,Thu,YES,2024-10-03,25250,0.15,0.05,0.2,25266.95,,25256.4,
2024-10-04,Fri,NO,2024-10-10,25150,134.0,219.05,353.05,25049.85,,25022.6,
2024-10-07,Mon,NO,2024-10-10,24900,147.5,191.75,339.25,24817.3,,24812.1,
2024-10-08,Tue,NO,2024-10-10,25000,133.0,131.15,264.15,25035.4,,25011.15,
2024-10-09,Wed,NO,2024-10-10,25000,79.5,87.0,166.5,25019.05,,25000.25,
2024-10-10,Thu,YES,2024-10-10,25000,0.05,1.5,1.55,24998.45,,25003.85,
2024-10-11,Fri,NO,2024-10-17,25000,125.05,165.0,290.05,24974.3,,24967.7,
2024-10-14,Mon,NO,2024-10-17,25150,106.9,112.95,219.85,25144.7,,25130.0,
2024-10-15,Tue,NO,2024-10-17,25050,94.95,89.05,184.0,25066.15,,25060.45,
2024-10-16,Wed,NO,2024-10-17,24950,74.0,58.55,132.55,24959.15,,24960.1,
2024-10-17,Thu,YES,2024-10-17,24750,0.05,0.1,0.15,24750.75,,24749.6,
2024-10-18,Fri,NO,2024-10-24,24950,110.0,149.95,259.95,24863.4,,24843.55,
2024-10-21,Mon,NO,2024-10-24,24700,127.5,111.0,238.5,24741.55,,24783.65,
2024-10-22,Tue,NO,2024-10-24,24500,105.4,123.0,228.4,24486.55,,24473.85,
2024-10-23,Wed,NO,2024-10-24,24450,69.5,83.0,152.5,24434.15,,24427.0,
2024-10-24,Thu,YES,2024-10-24,24400,0.05,0.55,0.6,24415.55,,24400.35,
2024-10-25,Fri,NO,2024-10-31,24250,130.9,167.0,297.9,24211.8,,24216.65,
2024-10-28,Mon,NO,2024-10-31,24350,114.6,100.2,214.8,24367.35,,24345.95,
2024-10-29,Tue,NO,2024-10-31,24500,73.95,101.3,175.25,24456.15,,24458.65,
2024-10-30,Wed,NO,2024-10-31,24400,57.8,88.45,146.25,24350.3,,24348.15,
2024-10-31,Thu,YES,2024-10-31,24200,5.3,0.05,5.35,24237.0,,24201.85,
2024-11-01,Fri,NO,2024-11-07,24300,187.55,212.65,400.2,24297.0,,,
2024-11-04,Mon,NO,2024-11-07,24000,187.95,196.1,384.05,23990.35,,23999.75,
2024-11-05,Tue,NO,2024-11-07,24200,144.0,176.75,320.75,24198.3,,24198.25,
2024-11-06,Wed,NO,2024-11-07,24450,91.9,72.0,163.9,24490.45,,24485.7,
2024-11-07,Thu,YES,2024-11-07,24200,0.05,0.65,0.7,24194.6,,24202.6,
2024-11-08,Fri,NO,2024-11-14,24150,135.5,156.0,291.5,24110.45,,24148.1,
2024-11-11,Mon,NO,2024-11-14,24150,115.65,113.5,229.15,24123.1,,24124.3,
2024-11-12,Tue,NO,2024-11-14,23850,114.0,102.6,216.6,23840.35,,23869.25,
2024-11-13,Wed,NO,2024-11-14,23600,92.0,83.6,175.6,23600.65,,23588.45,
2024-11-14,Thu,YES,2024-11-14,23550,0.05,17.25,17.3,23556.5,,23547.5,
2024-11-18,Mon,NO,2024-11-21,23450,121.45,109.0,230.45,23465.15,,23454.2,
2024-11-19,Tue,NO,2024-11-21,23500,89.35,128.0,217.35,23472.75,,23499.7,
2024-11-21,Thu,YES,2024-11-21,23350,0.05,0.1,0.15,23346.65,,23356.85,
2024-11-22,Fri,NO,2024-11-28,23950,165.0,208.9,373.9,23874.4,,23872.3,
2024-11-25,Mon,NO,2024-11-28,24350,107.45,161.9,269.35,24251.1,,24232.2,
2024-11-26,Tue,NO,2024-11-28,24200,109.05,102.95,212.0,24193.35,,24187.0,
2024-11-27,Wed,NO,2024-11-28,24300,78.75,65.5,144.25,24276.7,,24278.05,
2024-11-28,Thu,YES,2024-11-28,23900,14.4,0.2,14.6,23959.55,,23924.15,
2024-11-29,Fri,NO,2024-12-05,24200,148.7,153.5,302.2,24123.4,,24129.45,
2024-12-02,Mon,NO,2024-12-05,24350,132.1,174.0,306.1,24277.25,,24265.0,
2024-12-03,Tue,NO,2024-12-05,24450,121.35,143.5,264.85,24444.75,,24442.05,
2024-12-04,Wed,NO,2024-12-05,24450,121.8,115.6,237.4,24467.45,,24473.1,
2024-12-05,Thu,YES,2024-12-05,24700,8.6,0.15,8.75,24702.35,,24740.75,
2024-12-06,Fri,NO,2024-12-12,24700,176.05,183.55,359.6,24669.35,,24671.15,
2024-12-09,Mon,NO,2024-12-12,24600,151.35,140.4,291.75,24625.75,,24618.2,
2024-12-10,Tue,NO,2024-12-12,24600,113.4,114.9,228.3,24620.4,,24611.5,
2024-12-11,Wed,NO,2024-12-12,24650,54.0,66.65,120.65,24630.3,,24641.85,
2024-12-12,Thu,YES,2024-12-12,24550,0.05,1.25,1.3,24538.85,,24554.55,
2024-12-13,Fri,NO,2024-12-19,24800,145.0,135.85,280.85,24782.15,,24773.8,
2024-12-16,Mon,NO,2024-12-19,24650,163.95,145.75,309.7,24647.8,,24663.3,
2024-12-17,Tue,NO,2024-12-19,24350,114.85,113.15,228.0,24320.05,,24336.9,
2024-12-18,Wed,NO,2024-12-19,24200,78.55,63.15,141.7,24216.1,,24210.45,
2024-12-19,Thu,YES,2024-12-19,23950,1.65,0.05,1.7,23961.95,,23945.3,
2024-12-20,Fri,NO,2024-12-26,23650,178.3,185.7,364.0,23631.25,,23595.35,
2024-12-23,Mon,NO,2024-12-26,23750,105.65,86.5,192.15,23749.45,,23764.15,
2024-12-24,Tue,NO,2024-12-26,23800,52.35,77.15,129.5,23729.6,,23733.75,
2024-12-26,Thu,YES,2024-12-26,23750,0.2,0.05,0.25,23762.8,,23748.45,
2024-12-27,Fri,NO,2025-01-02,23900,130.1,147.2,277.3,23832.45,,23811.35,
2024-12-30,Mon,NO,2025-01-02,23700,134.15,126.2,260.35,23660.0,,23647.3,
2024-12-31,Tue,NO,2025-01-02,23750,111.0,150.0,261.0,23668.0,,23656.65,
2025-01-01,Wed,NO,2025-01-02,23850,90.55,136.35,226.9,23758.7,,23744.6,
2025-01-02,Thu,YES,2025-01-02,24200,0.05,11.3,11.35,24168.25,,24189.85,
2025-01-03,Fri,NO,2025-01-09,24000,147.85,162.95,310.8,23989.05,,24004.5,
2025-01-06,Mon,NO,2025-01-09,23700,157.2,220.0,377.2,23628.0,,23615.7,
2025-01-07,Tue,NO,2025-01-09,23700,117.1,115.5,232.6,23692.95,,23702.4,
2025-01-08,Wed,NO,2025-01-09,23650,83.15,52.2,135.35,23675.5,,23688.6,
2025-01-09,Thu,YES,2025-01-09,23550,0.05,23.5,23.55,23555.7,,23529.4,
2025-01-10,Fri,NO,2025-01-16,23500,135.45,173.0,308.45,23438.2,,23443.35,
2025-01-13,Mon,NO,2025-01-16,23150,125.65,136.5,262.15,23088.45,,23090.9,
2025-01-14,Tue,NO,2025-01-16,23250,84.55,84.7,169.25,23207.6,,23184.3,
2025-01-15,Wed,NO,2025-01-16,23250,38.5,70.75,109.25,23227.8,,23222.7,
2025-01-16,Thu,YES,2025-01-16,23300,11.75,0.05,11.8,23352.25,,23311.8,
2025-01-17,Fri,NO,2025-01-23,23300,132.35,198.2,330.55,23201.95,,23204.1,
2025-01-20,Mon,NO,2025-01-23,23400,119.45,153.15,272.6,23336.85,,23335.7,
2025-01-21,Tue,NO,2025-01-23,23100,113.65,128.85,242.5,23053.05,,23029.9,
2025-01-22,Wed,NO,2025-01-23,23150,70.2,53.15,123.35,23160.5,,23147.9,
2025-01-23,Thu,YES,2025-01-23,23200,5.35,0.05,5.4,23216.25,,23195.6,
2025-01-24,Fri,NO,2025-01-30,23150,148.1,182.1,330.2,23089.5,,23101.0,
2025-01-27,Mon,NO,2025-01-30,22850,148.65,163.4,312.05,22817.3,,22832.4,
2025-01-28,Tue,NO,2025-01-30,23000,129.0,144.15,273.15,22976.05,,22969.75,
2025-01-29,Wed,NO,2025-01-30,23200,133.8,160.1,293.9,23174.75,,23164.9,
2025-01-30,Thu,YES,2025-01-30,23250,0.2,0.55,0.75,23293.4,,23271.35,
2025-01-31,Fri,NO,2025-02-06,23650,206.1,263.35,469.45,23532.05,,23517.35,
2025-02-01,Sat,NO,2025-02-06,23500,137.7,141.85,279.55,23494.95,,23467.4,
2025-02-03,Mon,NO,2025-02-06,23400,105.75,115.8,221.55,23359.3,,23355.5,
2025-02-04,Tue,NO,2025-02-06,23700,91.4,87.0,178.4,23706.95,,23735.35,
2025-02-05,Wed,NO,2025-02-06,23650,73.6,63.0,136.6,23686.65,,23694.45,
2025-02-06,Thu,YES,2025-02-06,23600,3.3,0.05,3.35,23627.95,,23615.25,
2025-02-07,Fri,NO,2025-02-13,23600,137.3,161.7,299.0,23561.1,,23568.7,
2025-02-10,Mon,NO,2025-02-13,23400,144.35,133.85,278.2,23377.1,,23378.75,
2025-02-11,Tue,NO,2025-02-13,23100,109.0,122.75,231.75,23070.5,,23064.8,
2025-02-12,Wed,NO,2025-02-13,23050,88.75,77.15,165.9,23059.5,,23049.05,
2025-02-13,Thu,YES,2025-02-13,23050,0.05,18.6,18.65,23019.9,,23031.65,
2025-02-14,Fri,NO,2025-02-20,22950,160.25,166.65,326.9,22897.3,,22922.95,
2025-02-17,Mon,NO,2025-02-20,23000,151.9,147.7,299.6,22966.5,,22965.1,
2025-02-18,Tue,NO,2025-02-20,22950,106.0,128.5,234.5,22922.75,,22937.35,
2025-02-19,Wed,NO,2025-02-20,22900,92.7,72.1,164.8,22917.15,,22929.65,
2025-02-20,Thu,YES,2025-02-20,22900,13.15,0.05,13.2,22906.75,,22914.1,
2025-02-21,Fri,NO,2025-02-27,22800,141.45,144.5,285.95,22763.2,,22792.6,
2025-02-24,Mon,NO,2025-02-27,22650,77.25,120.0,197.25,22548.85,,22547.2,
2025-02-25,Tue,NO,2025-02-27,22600,35.75,69.0,104.75,22526.3,,22535.7,
2025-02-27,Thu,YES,2025-02-27,22550,0.05,4.85,4.9,22509.55,,22535.7,
2025-02-28,Fri,NO,2025-03-06,22200,132.55,153.2,285.75,22126.35,,22120.5,
2025-03-03,Mon,NO,2025-03-06,22200,93.45,130.7,224.15,22143.15,,22114.3,
2025-03-04,Tue,NO,2025-03-06,22100,86.0,109.4,195.4,22080.8,,22088.9,
2025-03-05,Wed,NO,2025-03-06,22350,75.75,83.2,158.95,22347.5,,22331.1,
2025-03-06,Thu,YES,2025-03-06,22550,0.05,5.3,5.35,22530.15,,22546.95,
2025-03-07,Fri,NO,2025-03-13,22600,122.3,144.6,266.9,22538.05,,22540.7,
2025-03-10,Mon,NO,2025-03-13,22450,118.0,119.55,237.55,22441.75,,22449.4,
2025-03-11,Tue,NO,2025-03-13,22550,91.7,112.4,204.1,22521.65,,22498.05,
2025-03-12,Wed,NO,2025-03-13,22500,52.0,78.8,130.8,22468.05,,22458.6,
2025-03-13,Thu,YES,2025-03-13,22400,0.05,2.7,2.75,22382.35,,22401.75,
2025-03-17,Mon,NO,2025-03-20,22550,109.35,114.0,223.35,22514.65,,22508.7,
2025-03-18,Tue,NO,2025-03-20,22900,73.0,108.1,181.1,22845.75,,22850.55,
2025-03-19,Wed,NO,2025-03-20,22950,65.6,81.75,147.35,22911.7,,22900.0,
2025-03-20,Thu,YES,2025-03-20,23200,0.05,9.35,9.4,23165.8,,23185.9,
2025-03-21,Fri,NO,2025-03-27,23400,114.5,133.0,247.5,23355.75,,23355.9,
2025-03-24,Mon,NO,2025-03-27,23750,118.25,149.0,267.25,23673.95,,23660.0,
2025-03-25,Tue,NO,2025-03-27,23650,118.0,99.5,217.5,23606.15,,23670.35,
2025-03-26,Wed,NO,2025-03-27,23500,81.05,71.45,152.5,23464.55,,23480.5,
2025-03-27,Thu,YES,2025-03-27,23600,0.05,8.15,8.2,23601.75,,23587.05,
2025-03-28,Fri,NO,2025-04-03,23550,112.75,120.85,233.6,23494.7,,23506.85,
2025-04-01,Tue,NO,2025-04-03,23250,79.45,128.0,207.45,23179.85,,23167.25,
2025-04-02,Wed,NO,2025-04-03,23300,80.0,65.45,145.45,23330.9,,23330.25,
2025-04-03,Thu,YES,2025-04-03,23250,0.1,0.05,0.15,23242.0,,23242.8,
2025-04-04,Fri,NO,2025-04-09,22900,115.7,121.85,237.55,22915.05,,22899.0,
2025-04-07,Mon,NO,2025-04-09,22350,230.6,316.0,546.6,22242.3,,22161.3,
2025-04-08,Tue,NO,2025-04-09,22650,127.5,202.9,330.4,22547.6,,22528.45,
2025-04-09,Wed,YES,2025-04-09,22400,0.05,0.85,0.9,22420.25,,22396.45,
2025-04-11,Fri,NO,2025-04-17,22950,209.4,267.95,477.35,22842.85,,22814.35,
2025-04-15,Tue,NO,2025-04-17,23350,84.85,107.0,191.85,23344.5,,23334.95,
2025-04-16,Wed,NO,2025-04-17,23350,98.0,57.65,155.65,23433.15,,23441.45,
2025-04-17,Thu,YES,2025-04-17,23850,1.6,0.05,1.65,23840.1,,23850.3,
2025-04-21,Mon,NO,2025-04-24,24150,107.9,119.4,227.3,24120.2,,24132.25,
2025-04-22,Tue,NO,2025-04-24,24150,100.1,86.5,186.6,24141.2,,24172.05,
2025-04-23,Wed,NO,2025-04-24,24300,63.5,58.0,121.5,24282.35,,24326.5,
2025-04-24,Thu,YES,2025-04-24,24250,0.05,3.35,3.4,24244.7,,24251.05,
2025-04-25,Fri,NO,2025-04-30,24050,145.05,181.3,326.35,23992.45,,24022.2,
2025-04-28,Mon,NO,2025-04-30,24350,96.7,102.3,199.0,24312.25,,24332.05,
2025-04-29,Tue,NO,2025-04-30,24300,63.35,44.85,108.2,24328.65,,24330.85,
2025-04-30,Wed,YES,2025-04-30,24350,0.05,15.85,15.9,24246.25,,24318.6,
2025-05-02,Fri,NO,2025-05-08,24350,144.0,170.25,314.25,24312.2,,24327.0,
2025-05-05,Mon,NO,2025-05-08,24500,81.0,110.6,191.6,24460.4,,24465.85,
2025-05-06,Tue,NO,2025-05-08,24400,48.95,112.4,161.35,24335.75,,24372.1,
2025-05-07,Wed,NO,2025-05-08,24400,41.5,62.95,104.45,24409.3,,24412.1,
2025-05-08,Thu,YES,2025-05-08,24250,23.75,0.25,24.0,24153.05,,24264.65,
2025-05-09,Fri,NO,2025-05-15,24150,154.0,281.65,435.65,24035.65,,24015.75,
2025-05-12,Mon,NO,2025-05-15,25000,178.75,219.05,397.8,24920.8,,24932.4,
2025-05-13,Tue,NO,2025-05-15,24600,129.45,155.05,284.5,24593.65,,24576.5,
2025-05-14,Wed,NO,2025-05-15,24650,91.2,83.05,174.25,24684.9,,24664.25,
2025-05-15,Thu,YES,2025-05-15,25050,12.3,0.05,12.35,25037.7,,25055.45,
2025-05-16,Fri,NO,2025-05-22,25050,168.75,185.7,354.45,25013.7,,25012.65,
2025-05-19,Mon,NO,2025-05-22,24900,162.6,138.8,301.4,24933.2,,24944.6,
2025-05-20,Tue,NO,2025-05-22,24700,135.65,95.7,231.35,24713.2,,24679.4,
2025-05-21,Wed,NO,2025-05-22,24800,100.95,123.75,224.7,24801.35,,24814.7,
2025-05-22,Thu,YES,2025-05-22,24600,9.6,0.05,9.65,24637.75,,24602.05,
2025-05-23,Fri,NO,2025-05-29,24900,194.05,207.65,401.7,24849.05,,24859.25,
2025-05-26,Mon,NO,2025-05-29,25050,195.75,212.1,407.85,24996.9,,24996.6,
2025-05-27,Tue,NO,2025-05-29,24800,212.0,151.8,363.8,24837.7,,24821.95,
2025-05-28,Wed,NO,2025-05-29,24750,107.95,104.55,212.5,24757.15,,24745.05,
2025-05-29,Thu,YES,2025-05-29,24850,0.05,16.0,16.05,24880.8,,24851.4,
2025-05-30,Fri,NO,2025-06-05,24750,217.75,193.0,410.75,24738.0,,24744.25,
2025-06-02,Mon,NO,2025-06-05,24700,220.05,207.05,427.1,24690.35,,24717.6,
2025-06-03,Tue,NO,2025-06-05,24550,140.15,135.1,275.25,24538.2,,24545.6,
2025-06-04,Wed,NO,2025-06-05,24600,80.6,72.0,152.6,24612.05,,24607.45,
2025-06-05,Thu,YES,2025-06-05,24750,0.95,0.05,1.0,24761.3,,24769.05,
2025-06-06,Fri,NO,2025-06-12,25000,175.15,156.75,331.9,25003.15,,25003.35,
2025-06-09,Mon,NO,2025-06-12,25150,112.55,154.4,266.95,25103.35,,25104.7,
2025-06-10,Tue,NO,2025-06-12,25100,77.9,99.65,177.55,25091.55,,25105.25,
2025-06-11,Wed,NO,2025-06-12,25100,83.75,63.75,147.5,25126.35,,25135.1,
2025-06-12,Thu,YES,2025-06-12,24900,0.05,11.85,11.9,24857.05,,24870.5,
2025-06-13,Fri,NO,2025-06-19,24750,152.0,203.85,355.85,24736.0,,24720.85,
2025-06-16,Mon,NO,2025-06-19,25000,110.95,151.6,262.55,24939.75,,24950.45,
2025-06-17,Tue,NO,2025-06-19,24850,99.3,117.8,217.1,24838.1,,24859.45,
2025-06-18,Wed,NO,2025-06-19,24800,73.4,83.35,156.75,24798.0,,24820.25,
2025-06-19,Thu,YES,2025-06-19,24800,0.05,6.75,6.8,24743.45,,24788.95,
2025-06-20,Fri,NO,2025-06-26,25150,128.3,177.5,305.8,25079.55,,25133.5,
2025-06-23,Mon,NO,2025-06-26,25050,101.0,160.05,261.05,24959.4,,24970.4,
2025-06-24,Tue,NO,2025-06-26,25100,97.0,108.25,205.25,25075.55,,25054.25,
2025-06-25,Wed,NO,2025-06-26,25250,63.5,62.15,125.65,25236.35,,25244.8,
2025-06-26,Thu,YES,2025-06-26,25550,0.05,1.0,1.05,25529.9,,25543.35,
2025-06-27,Fri,NO,2025-07-03,25650,140.4,128.8,269.2,25631.05,,25645.0,
2025-06-30,Mon,NO,2025-07-03,25550,113.95,132.75,246.7,25513.8,,25515.2,
2025-07-01,Tue,NO,2025-07-03,25550,92.55,85.0,177.55,25532.35,,25549.55,
2025-07-02,Wed,NO,2025-07-03,25450,64.75,63.55,128.3,25443.8,,25447.4,
2025-07-03,Thu,YES,2025-07-03,25400,5.25,0.05,5.3,25397.3,,25396.0,
2025-07-04,Fri,NO,2025-07-10,25450,150.5,122.8,273.3,25467.1,,25458.9,
2025-07-07,Mon,NO,2025-07-10,25500,100.1,132.1,232.2,25454.35,,25461.85,
2025-07-08,Tue,NO,2025-07-10,25550,87.35,83.95,171.3,25524.5,,25524.4,
2025-07-09,Wed,NO,2025-07-10,25500,54.9,66.95,121.85,25464.35,,25473.8,
2025-07-10,Thu,YES,2025-07-10,25350,5.3,0.05,5.35,25348.3,,25363.6,
2025-07-11,Fri,NO,2025-07-17,25150,135.1,109.3,244.4,25140.7,,25143.45,
2025-07-14,Mon,NO,2025-07-17,25150,89.65,108.65,198.3,25087.15,,25081.8,
2025-07-15,Tue,NO,2025-07-17,25250,68.55,73.15,141.7,25217.5,,25205.3,
2025-07-16,Wed,NO,2025-07-17,25200,57.8,40.9,98.7,25202.2,,25207.7,
2025-07-17,Thu,YES,2025-07-17,25100,11.4,0.05,11.45,25110.25,,25110.55,
2025-07-18,Fri,NO,2025-07-24,25050,111.2,146.6,257.8,24967.4,,24966.45,
2025-07-21,Mon,NO,2025-07-24,25100,97.0,78.8,175.8,25095.65,,25104.9,
2025-07-22,Tue,NO,2025-07-24,25100,56.4,77.6,134.0,25066.2,,25062.75,
2025-07-23,Wed,NO,2025-07-24,25200,63.65,36.2,99.85,25208.0,,25222.7,
2025-07-24,Thu,YES,2025-07-24,25050,11.85,0.05,11.9,25051.1,,25058.5,
2025-07-25,Fri,NO,2025-07-31,24850,119.5,118.5,238.0,24832.1,,24840.4,
2025-07-28,Mon,NO,2025-07-31,24700,108.25,98.2,206.45,24680.75,,24679.25,
2025-07-29,Tue,NO,2025-07-31,24850,75.25,78.75,154.0,24828.75,,24834.35,
2025-07-30,Wed,NO,2025-07-31,24850,64.0,53.45,117.45,24846.95,,24851.8,
2025-07-31,Thu,YES,2025-07-31,24750,18.3,0.05,18.35,24764.2,,24752.15,
2025-08-01,Fri,NO,2025-08-07,24550,153.45,141.0,294.45,24570.8,,24553.15,
2025-08-04,Mon,NO,2025-08-07,24750,105.0,119.15,224.15,24726.9,,24725.25,
2025-08-05,Tue,NO,2025-08-07,24650,92.2,84.0,176.2,24649.05,,24667.1,
2025-08-06,Wed,NO,2025-08-07,24600,62.2,84.95,147.15,24569.45,,24577.3,
2025-08-07,Thu,YES,2025-08-07,24600,0.05,3.95,4.0,24623.45,,24602.75,
2025-08-08,Fri,NO,2025-08-14,24400,126.6,132.85,259.45,24350.9,,24344.7,
2025-08-11,Mon,NO,2025-08-14,24600,81.8,116.5,198.3,24562.15,,24575.8,
2025-08-12,Tue,NO,2025-08-14,24500,81.15,74.95,156.1,24485.85,,24488.6,
2025-08-13,Wed,NO,2025-08-14,24650,54.4,58.0,112.4,24632.4,,24614.6,
2025-08-14,Thu,YES,2025-08-14,24650,0.05,18.65,18.7,24616.55,,24630.8,
2025-08-18,Mon,NO,2025-08-21,24950,101.6,109.9,211.5,24883.55,,24873.5,
2025-08-19,Tue,NO,2025-08-21,25000,79.1,72.4,151.5,24989.55,,24984.85,
2025-08-20,Wed,NO,2025-08-21,25050,50.1,55.9,106.0,25048.4,,25040.8,
2025-08-21,Thu,YES,2025-08-21,25100,0.05,16.2,16.25,25075.05,,25079.95,
2025-08-22,Fri,NO,2025-08-28,24900,112.5,118.95,231.45,24870.25,,24869.9,
2025-08-25,Mon,NO,2025-08-28,25000,74.85,76.4,151.25,24979.55,,24964.5,
2025-08-26,Tue,NO,2025-08-28,24750,59.15,80.6,139.75,24710.35,,24703.65,
2025-08-28,Thu,YES,2025-08-28,24500,0.9,0.05,0.95,24541.2,,24499.25,
2025-08-29,Fri,NO,2025-09-02,24500,72.55,96.7,169.25,24434.85,,24410.8,
2025-09-01,Mon,NO,2025-09-02,24650,45.95,52.45,98.4,24624.3,,24629.1,
2025-09-02,Tue,YES,2025-09-02,24600,0.05,20.35,20.4,24574.95,,24583.55,
2025-09-03,Wed,NO,2025-09-09,24750,104.55,114.2,218.75,24716.55,,24727.6,
2025-09-04,Thu,NO,2025-09-09,24750,103.2,94.4,197.6,24739.75,,24738.75,
2025-09-05,Fri,NO,2025-09-09,24750,91.1,71.9,163.0,24743.5,,24738.05,
2025-09-08,Mon,NO,2025-09-09,24800,60.1,43.4,103.5,24792.2,,24769.7,
2025-09-09,Tue,YES,2025-09-09,24850,18.55,0.05,18.6,24876.95,,24867.95,
2025-09-10,Wed,NO,2025-09-16,25050,98.1,119.25,217.35,24979.1,,24978.0,
2025-09-11,Thu,NO,2025-09-16,25050,93.2,89.6,182.8,25008.0,,24996.8,
2025-09-12,Fri,NO,2025-09-16,25150,65.3,77.15,142.45,25107.85,,25112.9,
2025-09-15,Mon,NO,2025-09-16,25100,45.4,44.95,90.35,25068.9,,25064.2,
2025-09-16,Tue,YES,2025-09-16,25250,0.05,10.85,10.9,25255.4,,25236.7,
2025-09-17,Wed,NO,2025-09-23,25400,99.85,116.4,216.25,25330.0,,25331.25,
2025-09-18,Thu,NO,2025-09-23,25500,64.2,95.3,159.5,25421.0,,25431.7,
2025-09-19,Fri,NO,2025-09-23,25400,54.55,74.7,129.25,25353.0,,25332.85,
2025-09-22,Mon,NO,2025-09-23,25250,41.2,58.8,100.0,25201.55,,25208.4,
2025-09-23,Tue,YES,2025-09-23,25150,19.45,0.05,19.5,25185.8,,25164.25,
2025-09-24,Wed,NO,2025-09-30,25100,110.4,95.4,205.8,25060.55,,25060.85,
2025-09-25,Thu,NO,2025-09-30,24950,100.25,90.1,190.35,24904.8,,24893.9,
2025-09-26,Fri,NO,2025-09-30,24700,85.35,87.3,172.65,24670.7,,24658.15,
2025-09-29,Mon,NO,2025-09-30,24700,47.95,53.4,101.35,24683.2,,24628.0,
2025-09-30,Tue,YES,2025-09-30,24600,11.05,0.05,11.1,24636.9,,24607.25,
2025-10-01,Wed,NO,2025-10-07,24900,82.8,102.0,184.8,24854.25,,24831.65,
2025-10-03,Fri,NO,2025-10-07,24950,49.2,80.6,129.8,24893.7,,24883.3,
2025-10-06,Mon,NO,2025-10-07,25100,41.55,49.65,91.2,25074.45,,25074.85,
2025-10-07,Tue,YES,2025-10-07,25100,8.25,0.05,8.3,25112.0,,25108.95,
2025-10-08,Wed,NO,2025-10-14,25050,107.0,96.4,203.4,25023.75,,25041.35,
2025-10-09,Thu,NO,2025-10-14,25200,90.6,77.6,168.2,25158.55,,25178.25,
2025-10-10,Fri,NO,2025-10-14,25350,65.05,73.35,138.4,25279.4,,25284.1,
2025-10-13,Mon,NO,2025-10-14,25250,57.9,54.1,112.0,25238.15,,25227.55,
2025-10-14,Tue,YES,2025-10-14,25150,0.05,4.4,4.45,25122.75,,25132.4,
2025-10-15,Wed,NO,2025-10-20,25400,100.8,103.15,203.95,25328.45,,25329.75,
2025-10-16,Thu,NO,2025-10-20,25650,68.75,115.25,184.0,25566.85,,25571.3,
2025-10-17,Fri,NO,2025-10-20,25750,63.85,93.95,157.8,25696.6,,25714.9,
2025-10-20,Mon,YES,2025-10-20,25850,0.05,6.8,6.85,25850.8,,25850.3,
2025-10-21,Tue,NO,2025-10-28,25850,140.0,119.5,259.5,25826.25,,25833.3,
2025-10-23,Thu,NO,2025-10-28,25950,116.65,116.25,232.9,25869.95,,25882.65,
2025-10-24,Fri,NO,2025-10-28,25800,100.8,84.25,185.05,25797.5,,25805.2,
2025-10-27,Mon,NO,2025-10-28,26050,59.65,77.6,137.25,25973.6,,25968.9,
2025-10-28,Tue,YES,2025-10-28,25950,0.05,13.8,13.85,25962.95,,25952.85,
2025-10-29,Wed,NO,2025-11-04,26150,144.0,146.3,290.3,26069.2,,26061.75,
2025-10-30,Thu,NO,2025-11-04,25950,114.2,124.0,238.2,25891.2,,25887.35,
2025-10-31,Fri,NO,2025-11-04,25800,105.9,91.65,197.55,25732.55,,25715.05,
2025-11-03,Mon,NO,2025-11-04,25800,63.55,72.6,136.15,25775.85,25737.05,25769.8,ABOVE VWAP
2025-11-04,Tue,YES,2025-11-04,25600,0.05,2.4,2.45,25587.8,25662.17,25595.9,BELOW VWAP
2025-11-06,Thu,NO,2025-11-11,25550,106.5,100.3,206.8,25519.35,25569.43,25506.3,BELOW VWAP
2025-11-07,Fri,NO,2025-11-11,25550,76.95,97.2,174.15,25509.75,25439.23,25502.25,ABOVE VWAP
2025-11-10,Mon,NO,2025-11-11,25600,65.75,50.35,116.1,25575.3,25603.93,25567.5,BELOW VWAP
2025-11-11,Tue,YES,2025-11-11,25700,0.05,5.1,5.15,25705.6,25580.12,25697.9,ABOVE VWAP
2025-11-12,Wed,NO,2025-11-18,25950,122.4,142.1,264.5,25872.25,25875.89,25867.6,BELOW VWAP
2025-11-13,Thu,NO,2025-11-18,25950,116.95,157.9,274.85,25884.9,25920.17,25881.25,BELOW VWAP
2025-11-14,Fri,NO,2025-11-18,25950,95.85,107.55,203.4,25915.15,25841.08,25923.75,ABOVE VWAP
2025-11-17,Mon,NO,2025-11-18,26000,76.05,57.6,133.65,26012.9,25973.15,26016.95,ABOVE VWAP
2025-11-18,Tue,YES,2025-11-18,25900,9.95,0.05,10.0,25892.05,25941.58,25897.7,BELOW VWAP
2025-11-19,Wed,NO,2025-11-25,26100,130.2,155.75,285.95,26051.7,25986.2,26053.8,ABOVE VWAP
2025-11-20,Thu,NO,2025-11-25,26250,109.7,124.15,233.85,26193.6,26157.19,26196.6,ABOVE VWAP
2025-11-21,Fri,NO,2025-11-25,26100,89.55,116.5,206.05,26062.2,26112.99,26066.55,BELOW VWAP
2025-11-24,Mon,NO,2025-11-25,25950,77.85,62.65,140.5,25946.9,26028.73,25947.95,BELOW VWAP
2025-11-25,Tue,YES,2025-11-25,25900,0.05,15.25,15.3,25860.75,25959.05,25878.35,BELOW VWAP
2025-11-26,Wed,NO,2025-12-02,26250,123.9,137.8,261.7,26203.3,26129.82,26202.45,ABOVE VWAP
2025-11-27,Thu,NO,2025-12-02,26250,102.7,107.6,210.3,26219.85,26233.15,26226.2,BELOW VWAP
2025-11-28,Fri,NO,2025-12-02,26250,85.1,84.2,169.3,26204.85,26227.67,26201.8,BELOW VWAP
2025-12-01,Mon,NO,2025-12-02,26200,53.4,65.95,119.35,26184.6,26217.18,26178.1,BELOW VWAP
2025-12-02,Tue,YES,2025-12-02,26050,0.05,17.7,17.75,26057.65,26060.55,26044.85,BELOW VWAP
2025-12-03,Wed,NO,2025-12-09,26050,111.5,130.5,242.0,25985.1,25946.38,25987.55,ABOVE VWAP
2025-12-04,Thu,NO,2025-12-09,26050,112.0,91.6,203.6,26017.1,26021.71,26032.5,ABOVE VWAP
2025-12-05,Fri,NO,2025-12-09,26200,78.25,74.45,152.7,26180.9,26124.62,26187.6,ABOVE VWAP
2025-12-08,Mon,NO,2025-12-09,25950,56.95,64.65,121.6,25934.5,26020.89,25943.25,BELOW VWAP
2025-12-09,Tue,YES,2025-12-09,25850,0.05,10.4,10.45,25841.05,25837.54,25840.15,ABOVE VWAP
2025-12-10,Wed,NO,2025-12-16,25800,122.7,134.55,257.25,25741.8,25822.71,25756.65,BELOW VWAP
2025-12-11,Thu,NO,2025-12-16,25950,89.75,110.35,200.1,25894.55,25836.43,25898.4,ABOVE VWAP
2025-12-12,Fri,NO,2025-12-16,26050,84.15,70.05,154.2,26042.8,26017.22,26044.3,ABOVE VWAP
2025-12-15,Mon,NO,2025-12-16,26050,46.4,71.45,117.85,26015.65,25993.0,26022.75,ABOVE VWAP
2025-12-16,Tue,YES,2025-12-16,25850,10.2,0.05,10.25,25852.1,25892.65,25841.45,BELOW VWAP
2025-12-17,Wed,NO,2025-12-23,25850,125.4,104.8,230.2,25822.05,25827.18,25812.55,BELOW VWAP
2025-12-18,Thu,NO,2025-12-23,25850,95.35,109.75,205.1,25817.8,25824.26,25818.85,BELOW VWAP
2025-12-19,Fri,NO,2025-12-23,26000,68.35,82.75,151.1,25960.8,25957.99,25969.15,ABOVE VWAP
2025-12-22,Mon,NO,2025-12-23,26150,57.55,52.35,109.9,26161.6,26138.49,26169.25,ABOVE VWAP
2025-12-23,Tue,YES,2025-12-23,26200,0.05,22.85,22.9,26166.05,26179.3,26174.1,BELOW VWAP
2025-12-24,Wed,NO,2025-12-30,26200,68.1,100.1,168.2,26137.2,26181.58,26140.35,BELOW VWAP
2025-12-26,Fri,NO,2025-12-30,26050,68.45,60.0,128.45,26046.75,26063.0,26041.0,BELOW VWAP
2025-12-29,Mon,NO,2025-12-30,25950,51.75,44.85,96.6,25951.9,25987.28,25944.65,BELOW VWAP
2025-12-30,Tue,YES,2025-12-30,25950,0.05,11.1,11.15,25969.85,25927.14,25941.9,ABOVE VWAP
2025-12-31,Wed,NO,2026-01-06,26200,88.5,108.3,196.8,26136.35,26088.08,26123.5,ABOVE VWAP
2026-01-01,Thu,NO,2026-01-06,26200,61.55,94.35,155.9,26140.2,26155.68,26141.4,BELOW VWAP
2026-01-02,Fri,NO,2026-01-06,26350,65.0,68.4,133.4,26333.15,26263.13,26324.15,ABOVE VWAP
2026-01-05,Mon,NO,2026-01-06,26250,34.0,58.6,92.6,26244.05,26303.96,26240.5,BELOW VWAP
2026-01-06,Tue,YES,2026-01-06,26200,0.05,21.25,21.3,26174.1,26181.63,26184.25,ABOVE VWAP
2026-01-07,Wed,NO,2026-01-13,26150,101.9,90.75,192.65,26143.55,26124.68,26138.3,ABOVE VWAP
2026-01-08,Thu,NO,2026-01-13,25900,94.45,96.05,190.5,25868.2,25978.32,25877.75,BELOW VWAP
2026-01-09,Fri,NO,2026-01-13,25750,93.25,96.15,189.4,25704.05,25767.29,25695.75,BELOW VWAP
2026-01-12,Mon,NO,2026-01-13,25800,68.1,60.0,128.1,25803.4,25642.7,25786.05,ABOVE VWAP
2026-01-13,Tue,YES,2026-01-13,25750,0.05,17.7,17.75,25717.8,25734.63,25730.9,BELOW VWAP
2026-01-14,Wed,NO,2026-01-20,25700,120.1,131.2,251.3,25669.2,25705.27,25659.6,BELOW VWAP
2026-01-16,Fri,NO,2026-01-20,25700,108.45,89.65,198.1,25701.9,25746.05,25695.9,BELOW VWAP
2026-01-19,Mon,NO,2026-01-20,25550,59.8,59.15,118.95,25557.3,25560.21,25561.25,ABOVE VWAP
2026-01-20,Tue,YES,2026-01-20,25250,0.05,17.5,17.55,25225.45,25410.01,25191.8,BELOW VWAP
2026-01-21,Wed,NO,2026-01-27,25200,142.7,154.0,296.7,25167.5,25151.28,25154.25,ABOVE VWAP
2026-01-22,Thu,NO,2026-01-27,25400,105.0,126.1,231.1,25318.85,25285.85,25308.25,ABOVE VWAP
2026-01-23,Fri,NO,2026-01-27,25100,100.65,110.8,211.45,25066.2,25178.33,25040.65,BELOW VWAP
2026-01-27,Tue,YES,2026-01-27,25200,0.05,24.5,24.55,25236.85,25086.37,25198.1,ABOVE VWAP
2026-01-28,Wed,NO,2026-02-03,25400,189.6,217.55,407.15,25347.4,25289.81,25348.1,ABOVE VWAP
2026-01-29,Thu,NO,2026-02-03,25450,186.8,185.75,372.55,25416.65,25320.5,25414.9,ABOVE VWAP
2026-01-30,Fri,NO,2026-02-03,25350,186.35,185.5,371.85,25318.55,25296.48,25326.3,ABOVE VWAP
2026-02-01,Sun,NO,2026-02-03,24750,157.5,172.85,330.35,24764.25,25114.07,24793.95,BELOW VWAP
2026-02-02,Mon,NO,2026-02-03,25100,77.0,105.2,182.2,25079.85,24900.04,25088.2,ABOVE VWAP
2026-02-03,Tue,YES,2026-02-03,25750,0.05,22.4,22.45,25713.3,25787.37,25731.6,BELOW VWAP
2026-02-04,Wed,NO,2026-02-10,25800,148.45,175.8,324.25,25737.95,25752.01,25766.85,ABOVE VWAP
2026-02-05,Thu,NO,2026-02-10,25650,134.0,132.8,266.8,25640.7,25647.45,25627.1,BELOW VWAP
2026-02-06,Fri,NO,2026-02-10,25700,90.5,116.8,207.3,25674.15,25593.53,25695.75,ABOVE VWAP
2026-02-09,Mon,NO,2026-02-10,25850,71.45,65.4,136.85,25862.7,25841.58,25869.85,ABOVE VWAP
2026-02-10,Tue,YES,2026-02-10,25950,0.05,14.8,14.85,25916.45,25945.87,25916.1,BELOW VWAP
2026-02-11,Wed,NO,2026-02-17,26000,102.3,137.5,239.8,25942.9,25950.78,25954.3,ABOVE VWAP
2026-02-12,Thu,NO,2026-02-17,25850,97.65,119.8,217.45,25796.95,25835.94,25807.3,BELOW VWAP
2026-02-13,Fri,NO,2026-02-17,25450,122.55,116.75,239.3,25458.9,25544.79,25484.35,BELOW VWAP
2026-02-16,Mon,NO,2026-02-17,25700,75.4,70.35,145.75,25681.6,25558.3,25681.0,ABOVE VWAP
2026-02-17,Tue,YES,2026-02-17,25750,0.05,24.6,24.65,25715.95,25693.25,25728.65,ABOVE VWAP
2026-02-18,Wed,NO,2026-02-24,25850,117.65,141.0,258.65,25804.15,25723.53,25818.3,ABOVE VWAP
2026-02-19,Thu,NO,2026-02-24,25450,127.95,167.0,294.95,25413.4,25638.08,25401.65,BELOW VWAP
2026-02-20,Fri,NO,2026-02-24,25600,106.9,124.8,231.7,25565.5,25561.66,25545.0,BELOW VWAP
2026-02-23,Mon,NO,2026-02-24,25700,81.65,82.0,163.65,25703.95,25687.93,25712.7,ABOVE VWAP
2026-02-24,Tue,YES,2026-02-24,25400,24.75,0.05,24.8,25459.35,25455.56,25438.95,BELOW VWAP
2026-02-25,Wed,NO,2026-03-02,25550,123.5,163.85,287.35,25475.2,25540.26,25477.95,BELOW VWAP
2026-02-26,Thu,NO,2026-03-02,25550,100.45,134.3,234.75,25493.35,25489.76,25500.65,ABOVE VWAP
2026-02-27,Fri,NO,2026-03-02,25250,87.55,113.65,201.2,25184.7,25274.35,25175.85,BELOW VWAP
2026-03-02,Mon,YES,2026-03-02,24850,15.6,0.05,15.65,24850.6,24820.32,24905.4,ABOVE VWAP
2026-03-04,Wed,NO,2026-03-10,24600,243.25,355.75,599.0,24476.35,24422.53,24458.0,ABOVE VWAP
2026-03-05,Thu,NO,2026-03-10,24800,183.95,241.45,425.4,24737.35,24646.18,24720.65,ABOVE VWAP
2026-03-06,Fri,NO,2026-03-10,24550,169.3,247.1,416.4,24469.1,24590.19,24453.05,BELOW VWAP
2026-03-09,Mon,NO,2026-03-10,24050,162.05,197.4,359.45,24005.8,23853.48,24012.4,ABOVE VWAP
2026-03-10,Tue,YES,2026-03-10,24250,11.65,0.05,11.7,24288.15,24205.69,24268.1,ABOVE VWAP
2026-03-11,Wed,NO,2026-03-17,23950,248.0,333.1,581.1,23850.6,24028.95,23874.55,BELOW VWAP
2026-03-12,Thu,NO,2026-03-17,23700,232.05,265.0,497.05,23640.65,23680.25,23643.0,BELOW VWAP
2026-03-13,Fri,NO,2026-03-17,23250,211.1,278.6,489.7,23170.45,23284.41,23148.3,BELOW VWAP
